{"v":"5.4.4","fr":30,"ip":0,"op":21,"w":48,"h":48,"nm":"分类1","ddd":0,"assets":[{"id":"image_0","w":40,"h":40,"u":"images/","p":"img_0.png","e":0},{"id":"image_1","w":40,"h":40,"u":"images/","p":"img_1.png","e":0}],"layers":[{"ddd":0,"ind":1,"ty":2,"nm":"分类-未选中","refId":"image_0","sr":1,"ks":{"o":{"a":1,"k":[{"i":{"x":[0.833],"y":[0.833]},"o":{"x":[0.167],"y":[0.167]},"t":0,"s":[100],"e":[0]},{"t":1}],"ix":11},"r":{"a":0,"k":0,"ix":10},"p":{"a":0,"k":[23.85,24.276,0],"ix":2},"a":{"a":0,"k":[20,20,0],"ix":1},"s":{"a":0,"k":[100,100,100],"ix":6}},"ao":0,"ip":0,"op":218,"st":0,"bm":0},{"ddd":0,"ind":2,"ty":4,"nm":"分类-路径","sr":1,"ks":{"o":{"a":1,"k":[{"i":{"x":[0.833],"y":[0.833]},"o":{"x":[0.167],"y":[0.167]},"t":0,"s":[0],"e":[100]},{"t":1}],"ix":11},"r":{"a":0,"k":0,"ix":10},"p":{"a":0,"k":[34.509,34.573,0],"ix":2},"a":{"a":0,"k":[-139.556,-2.552,0],"ix":1},"s":{"a":1,"k":[{"i":{"x":[0.833,0.833,0.833],"y":[0.833,0.833,0.833]},"o":{"x":[0.167,0.167,0.167],"y":[0.167,0.167,0.167]},"t":1,"s":[90,90,100],"e":[85,85,100]},{"i":{"x":[0.833,0.833,0.833],"y":[0.833,0.833,0.833]},"o":{"x":[0.167,0.167,0.167],"y":[0.167,0.167,0.167]},"t":13,"s":[85,85,100],"e":[100,100,100]},{"t":21}],"ix":6,"x":"var $bm_rt;\nvar amp, freq, decay, n, n, t, t, v;\namp = 0.1;\nfreq = 0.4;\ndecay = 10;\n$bm_rt = n = 0;\nif (numKeys > 0) {\n    $bm_rt = n = nearestKey(time).index;\n    if (key(n).time > time) {\n        n--;\n    }\n}\nif (n == 0) {\n    $bm_rt = t = 0;\n} else {\n    $bm_rt = t = $bm_sub(time, key(n).time);\n}\nif (n > 0) {\n    v = velocityAtTime($bm_sub(key(n).time, $bm_div(thisComp.frameDuration, 10)));\n    $bm_rt = $bm_sum(value, $bm_div($bm_mul($bm_mul(v, amp), Math.sin($bm_mul($bm_mul($bm_mul(freq, t), 2), Math.PI))), Math.exp($bm_mul(decay, t))));\n} else {\n    $bm_rt = value;\n}"}},"ao":0,"shapes":[{"ty":"gr","it":[{"ind":0,"ty":"sh","ix":1,"ks":{"a":0,"k":{"i":[[0.622,-0.438],[-0.253,-2.812],[-4.128,-0.004],[-1.007,3.984],[3.247,1.438],[2.289,-0.093],[0.408,-0.006]],"o":[[-0.628,0.844],[0.252,2.797],[1.518,0.002],[1.185,-4.688],[-1.269,-0.562],[-0.459,0.019],[-3.872,0.054]],"v":[[-147.094,-9.688],[-147.219,-0.062],[-139.188,5.629],[-131.875,0.562],[-135.812,-9.312],[-141.007,-9.846],[-142.316,-9.804]],"c":true},"ix":2},"nm":"路径 1","mn":"ADBE Vector Shape - Group","hd":false},{"ty":"tm","s":{"a":0,"k":0,"ix":1},"e":{"a":1,"k":[{"i":{"x":[0.833],"y":[0.833]},"o":{"x":[0.167],"y":[0.167]},"t":1,"s":[0],"e":[100]},{"t":12}],"ix":2},"o":{"a":0,"k":0,"ix":3},"m":1,"ix":2,"nm":"修剪路径 1","mn":"ADBE Vector Filter - Trim","hd":false},{"ty":"st","c":{"a":0,"k":[0.172549019608,0.850980392157,0.109803921569,1],"ix":3},"o":{"a":0,"k":100,"ix":4},"w":{"a":0,"k":3,"ix":5},"lc":1,"lj":1,"ml":4,"bm":0,"nm":"描边 1","mn":"ADBE Vector Graphic - Stroke","hd":false},{"ty":"tr","p":{"a":0,"k":[-147.052,-9.604],"ix":2},"a":{"a":0,"k":[-147.052,-9.604],"ix":1},"s":{"a":0,"k":[100,100],"ix":3},"r":{"a":0,"k":0,"ix":6},"o":{"a":0,"k":100,"ix":7},"sk":{"a":0,"k":0,"ix":4},"sa":{"a":0,"k":0,"ix":5},"nm":"变换"}],"nm":"形状 2","np":4,"cix":2,"bm":0,"ix":1,"mn":"ADBE Vector Group","hd":false},{"ty":"gr","it":[{"ty":"st","c":{"a":0,"k":[0.172549019608,0.850980392157,0.109803921569,1],"ix":3},"o":{"a":0,"k":100,"ix":4},"w":{"a":0,"k":3,"ix":5},"lc":1,"lj":1,"ml":4,"bm":0,"nm":"描边 1","mn":"ADBE Vector Graphic - Stroke","hd":false},{"ty":"tr","p":{"a":0,"k":[0,0],"ix":2},"a":{"a":0,"k":[0,0],"ix":1},"s":{"a":0,"k":[100,100],"ix":3},"r":{"a":0,"k":0,"ix":6},"o":{"a":0,"k":100,"ix":7},"sk":{"a":0,"k":0,"ix":4},"sa":{"a":0,"k":0,"ix":5},"nm":"变换"}],"nm":"形状 1","np":2,"cix":2,"bm":0,"ix":2,"mn":"ADBE Vector Group","hd":false}],"ip":0,"op":21,"st":0,"bm":0},{"ddd":0,"ind":3,"ty":2,"nm":"分类-选中-图","refId":"image_1","sr":1,"ks":{"o":{"a":0,"k":100,"ix":11},"r":{"a":0,"k":0,"ix":10},"p":{"a":0,"k":[24,24.25,0],"ix":2},"a":{"a":0,"k":[20,20,0],"ix":1},"s":{"a":1,"k":[{"i":{"x":[0.833,0.833,0.833],"y":[0.833,0.833,0.833]},"o":{"x":[0.167,0.167,0.167],"y":[0.167,0.167,0.167]},"t":0,"s":[0,0,100],"e":[90,90,100]},{"i":{"x":[0.833,0.833,0.833],"y":[0.833,0.833,0.833]},"o":{"x":[0.167,0.167,0.167],"y":[0.167,0.167,0.167]},"t":1,"s":[90,90,100],"e":[90,90,100]},{"i":{"x":[0.833,0.833,0.833],"y":[0.833,0.833,0.833]},"o":{"x":[0.167,0.167,0.167],"y":[0.167,0.167,0.167]},"t":13,"s":[90,90,100],"e":[100,100,100]},{"t":21}],"ix":6,"x":"var $bm_rt;\nvar amp, freq, decay, n, n, t, t, v;\namp = 0.1;\nfreq = 0.4;\ndecay = 10;\n$bm_rt = n = 0;\nif (numKeys > 0) {\n    $bm_rt = n = nearestKey(time).index;\n    if (key(n).time > time) {\n        n--;\n    }\n}\nif (n == 0) {\n    $bm_rt = t = 0;\n} else {\n    $bm_rt = t = $bm_sub(time, key(n).time);\n}\nif (n > 0) {\n    v = velocityAtTime($bm_sub(key(n).time, $bm_div(thisComp.frameDuration, 10)));\n    $bm_rt = $bm_sum(value, $bm_div($bm_mul($bm_mul(v, amp), Math.sin($bm_mul($bm_mul($bm_mul(freq, t), 2), Math.PI))), Math.exp($bm_mul(decay, t))));\n} else {\n    $bm_rt = value;\n}"}},"ao":0,"ip":0,"op":21,"st":0,"bm":0}],"markers":[]}